--SchoolType Table
insert into Schooltype values (1, 'Pre-School');
insert into schooltype values(2, 'Public Elementary School');
insert into schooltype values(3, 'Public High School');
insert into schooltype values(4, 'Private School');
insert into schooltype values(5, 'College');
insert into schooltype values(6, 'University');
insert into schooltype values(7, 'Catholic Elementary School');
insert into schooltype values(8, 'Catholic High School');
insert into schooltype values(9, 'Montessori and Private School');
insert into schooltype values(10, 'Montessori School');
insert into schooltype values(11, 'Middle School');
--School table
insert into school values(1, 'St. Nicholas', 7);
insert into school values(2, 'St. John the Baptist', 7);
insert into school values(3, 'St. Michaels Secondary School', 8);
insert into school values(4, 'St. Marguerite d Youville Secondary School', 8);
insert into school values(5, 'Ellwood Memorial Public School', 3);
insert into school values(6, 'Countryside Montessori and Private School', 9);
insert into school values(7, 'Allan Drive Middle School', 11);
insert into school values(8, 'Macville Public School', 2);
insert into school values(9, 'James Bolton Public School', 2);
insert into school values(10, 'Holy Spirit', 7);

--Agaeny table data 100 rows
INSERT INTO Agency (agencyid,agencyname,phonenumber) VALUES (1,'John Wicks House Service','15848875963');
INSERT INTO Agency (agencyid,agencyname,phonenumber) VALUES (2,'Tempor Limited','15768980423');
INSERT INTO Agency (agencyid,agencyname,phonenumber) VALUES (3,'Sed Pharetra Felis Institute','17395732857');
INSERT INTO Agency (agencyid,agencyname,phonenumber) VALUES (4,'Nunc Industries','16363896018');
INSERT INTO Agency (agencyid,agencyname,phonenumber) VALUES (5,'Augue Corporation','15995675496');
INSERT INTO Agency (agencyid,agencyname,phonenumber) VALUES (6,'Nec Ante Maecenas Limited','16082146121');
INSERT INTO Agency (agencyid,agencyname,phonenumber) VALUES (7,'Montes Nascetur Company','11701278923');
INSERT INTO Agency (agencyid,agencyname,phonenumber) VALUES (8,'Libero Morbi Company','18459193792');
INSERT INTO Agency (agencyid,agencyname,phonenumber) VALUES (9,'In Sodales Elit Industries','13507347829');
INSERT INTO Agency (agencyid,agencyname,phonenumber) VALUES (10,'Urna Convallis Incorporated','16581077068');
INSERT INTO Agency (agencyid,agencyname,phonenumber) VALUES (11,'Nam Ligula Company','12868981035');
INSERT INTO Agency (agencyid,agencyname,phonenumber) VALUES (12,'Scelerisque Ltd','16005343752');
INSERT INTO Agency (agencyid,agencyname,phonenumber) VALUES (13,'Nisl Institute','14208669231');
INSERT INTO Agency (agencyid,agencyname,phonenumber) VALUES (14,'Ultrices Company','18109820540');
INSERT INTO Agency (agencyid,agencyname,phonenumber) VALUES (15,'Ullamcorper Duis Cursus Industries','19757436043');
INSERT INTO Agency (agencyid,agencyname,phonenumber) VALUES (16,'Eleifend Nunc Risus Industries','11928415217');
---CONTACTTYPE Table data
INSERT INTO CONTACTTYPE (CONTACTTYPEID,TYPENAME) VALUES (1,'Home Phone');
INSERT INTO CONTACTTYPE (CONTACTTYPEID,TYPENAME) VALUES (2,'Cell Phone');
INSERT INTO CONTACTTYPE (CONTACTTYPEID,TYPENAME) VALUES (3,'Business Phone');
INSERT INTO CONTACTTYPE (CONTACTTYPEID,TYPENAME) VALUES (4,'Fax');
--- Client Type Table data
INSERT INTO CLIENTTYPE (CLIENTTYPEID,DESCRIPTION) VALUES (1,'Buyer');
INSERT INTO CLIENTTYPE (CLIENTTYPEID,DESCRIPTION) VALUES (2,'Seller');
--- TRANSACTIONTYPE table data
INSERT INTO TRANSACTIONTYPE (TYPEID,DESCRIPTION) VALUES ('1','Buyer');
INSERT INTO TRANSACTIONTYPE (TYPEID,DESCRIPTION) VALUES ('2','Seller');
--- Country Table data
INSERT INTO COUNTRY (COUNTRYID,COUNTRYNAME) VALUES (1,'United States');
INSERT INTO COUNTRY (COUNTRYID,COUNTRYNAME) VALUES (2,'Belarus');
INSERT INTO COUNTRY (COUNTRYID,COUNTRYNAME) VALUES (3,'Canada');
INSERT INTO COUNTRY (COUNTRYID,COUNTRYNAME) VALUES (4,'Myanmar');
INSERT INTO COUNTRY (COUNTRYID,COUNTRYNAME) VALUES (5,'Cape Verde');
INSERT INTO COUNTRY (COUNTRYID,COUNTRYNAME) VALUES (6,'Portugal');
INSERT INTO COUNTRY (COUNTRYID,COUNTRYNAME) VALUES (7,'Romania');
INSERT INTO COUNTRY (COUNTRYID,COUNTRYNAME) VALUES (8,'Guernsey');
INSERT INTO COUNTRY (COUNTRYID,COUNTRYNAME) VALUES (9,'Iraq');
INSERT INTO COUNTRY (COUNTRYID,COUNTRYNAME) VALUES (10,'New Caledonia');
----Province Table data
INSERT INTO PROVINCE (PROVINCEID,PROVINCENAME,COUNTRYID) VALUES (1,'Ontario',3);
INSERT INTO PROVINCE (PROVINCEID,PROVINCENAME,COUNTRYID) VALUES (2,'Quebec',3);
INSERT INTO PROVINCE (PROVINCEID,PROVINCENAME,COUNTRYID) VALUES (3,'British Columbia',3);
INSERT INTO PROVINCE (PROVINCEID,PROVINCENAME,COUNTRYID) VALUES (4,'Alberta',3);
INSERT INTO PROVINCE (PROVINCEID,PROVINCENAME,COUNTRYID) VALUES (5,'Manitoba',3);
INSERT INTO PROVINCE (PROVINCEID,PROVINCENAME,COUNTRYID) VALUES (6,'Saskatchewan',3);
INSERT INTO PROVINCE (PROVINCEID,PROVINCENAME,COUNTRYID) VALUES (7,'Nova Scotia',3);
INSERT INTO PROVINCE (PROVINCEID,PROVINCENAME,COUNTRYID) VALUES (8,'New Brunswick',3);
INSERT INTO PROVINCE (PROVINCEID,PROVINCENAME,COUNTRYID) VALUES (9,'Newfoundland and Labrador',3);
INSERT INTO PROVINCE (PROVINCEID,PROVINCENAME,COUNTRYID) VALUES (10,'Prince Edward Island',3);
INSERT INTO PROVINCE (PROVINCEID,PROVINCENAME,COUNTRYID) VALUES (11,'Northwest Territories',3);
INSERT INTO PROVINCE (PROVINCEID,PROVINCENAME,COUNTRYID) VALUES (12,'Nunavut',3);
INSERT INTO PROVINCE (PROVINCEID,PROVINCENAME,COUNTRYID) VALUES (13,'Yukon',3);
---Person table dat
INSERT INTO PERSON (PERSONID,FIRSTNAME,LASTNAME,EMAIL,CONTACTNUMBER,CONTACTNUMBERTYPE) VALUES (1,'John','Wick','John.Wick@gmail.ca','15842258733',1);
INSERT INTO PERSON (PERSONID,FIRSTNAME,LASTNAME,EMAIL,CONTACTNUMBER,CONTACTNUMBERTYPE) VALUES (2,'Yoshio','Craig','sem@et.ca','15816956800',1);
INSERT INTO PERSON (PERSONID,FIRSTNAME,LASTNAME,EMAIL,CONTACTNUMBER,CONTACTNUMBERTYPE) VALUES (3,'Yvonne','Contreras','dolor@vitaeeratVivamus.org','14736931946',2);
INSERT INTO PERSON (PERSONID,FIRSTNAME,LASTNAME,EMAIL,CONTACTNUMBER,CONTACTNUMBERTYPE) VALUES (4,'Lev','Stanley','ridiculus.mus@aliquetnec.org','16054741475',4);
INSERT INTO PERSON (PERSONID,FIRSTNAME,LASTNAME,EMAIL,CONTACTNUMBER,CONTACTNUMBERTYPE) VALUES (5,'Rama','Hartman','bibendum.sed@lacuspedesagittis.org','11408584666',3);
INSERT INTO PERSON (PERSONID,FIRSTNAME,LASTNAME,EMAIL,CONTACTNUMBER,CONTACTNUMBERTYPE) VALUES (6,'Gwendolyn','Lamb','mollis@Donec.co.uk','13072986535',2);
INSERT INTO PERSON (PERSONID,FIRSTNAME,LASTNAME,EMAIL,CONTACTNUMBER,CONTACTNUMBERTYPE) VALUES (7,'Adrian','Byers','sem@Fuscealiquetmagna.com','13449454768',3);
INSERT INTO PERSON (PERSONID,FIRSTNAME,LASTNAME,EMAIL,CONTACTNUMBER,CONTACTNUMBERTYPE) VALUES (8,'Zephania','Cooper','in.lobortis@imperdiet.net','16288166751',2);
INSERT INTO PERSON (PERSONID,FIRSTNAME,LASTNAME,EMAIL,CONTACTNUMBER,CONTACTNUMBERTYPE) VALUES (9,'Jeremy','Richardson','Aliquam.gravida@acmattis.org','13367313829',2);
INSERT INTO PERSON (PERSONID,FIRSTNAME,LASTNAME,EMAIL,CONTACTNUMBER,CONTACTNUMBERTYPE) VALUES (10,'Kermit','Hess','mauris.sapien@ligulaDonec.ca','18533444085',4);
INSERT INTO PERSON (PERSONID,FIRSTNAME,LASTNAME,EMAIL,CONTACTNUMBER,CONTACTNUMBERTYPE) VALUES (11,'Erin','Horn','sagittis@nequevenenatis.co.uk','16064211608',2);
INSERT INTO PERSON (PERSONID,FIRSTNAME,LASTNAME,EMAIL,CONTACTNUMBER,CONTACTNUMBERTYPE) VALUES (12,'Sarah','Drake','a.enim@pede.co.uk','17105786499',2);
INSERT INTO PERSON (PERSONID,FIRSTNAME,LASTNAME,EMAIL,CONTACTNUMBER,CONTACTNUMBERTYPE) VALUES (13,'Amela','Lucas','vel@Phasellus.com','19737115290',3);
INSERT INTO PERSON (PERSONID,FIRSTNAME,LASTNAME,EMAIL,CONTACTNUMBER,CONTACTNUMBERTYPE) VALUES (14,'Sophia','Kemp','lacinia.at@quam.com','14004552221',3);
INSERT INTO PERSON (PERSONID,FIRSTNAME,LASTNAME,EMAIL,CONTACTNUMBER,CONTACTNUMBERTYPE) VALUES (15,'Alisa','Salas','auctor.quis@cursus.com','16929510672',2);
INSERT INTO PERSON (PERSONID,FIRSTNAME,LASTNAME,EMAIL,CONTACTNUMBER,CONTACTNUMBERTYPE) VALUES (16,'Nash','Burch','Suspendisse@tincidunt.co.uk','11621302017',2);
INSERT INTO PERSON (PERSONID,FIRSTNAME,LASTNAME,EMAIL,CONTACTNUMBER,CONTACTNUMBERTYPE) VALUES (17,'Bryar','Daniel','dapibus@convallis.com','11707185734',4);
INSERT INTO PERSON (PERSONID,FIRSTNAME,LASTNAME,EMAIL,CONTACTNUMBER,CONTACTNUMBERTYPE) VALUES (18,'Paki','Sexton','tortor@ac.org','16814803264',1);
INSERT INTO PERSON (PERSONID,FIRSTNAME,LASTNAME,EMAIL,CONTACTNUMBER,CONTACTNUMBERTYPE) VALUES (19,'Amethyst','Wynn','vel@Cras.edu','11389035585',1);
INSERT INTO PERSON (PERSONID,FIRSTNAME,LASTNAME,EMAIL,CONTACTNUMBER,CONTACTNUMBERTYPE) VALUES (20,'Roth','Garner','placerat.velit@auctornon.edu','16327911664',1);
INSERT INTO PERSON (PERSONID,FIRSTNAME,LASTNAME,EMAIL,CONTACTNUMBER,CONTACTNUMBERTYPE) VALUES (21,'Naomi','Munoz','tellus@vestibulummassarutrum.com','11892329747',1);
INSERT INTO PERSON (PERSONID,FIRSTNAME,LASTNAME,EMAIL,CONTACTNUMBER,CONTACTNUMBERTYPE) VALUES (22,'Kenyon','Villarreal','mauris.eu@lobortismauris.ca','12127635564',2);
INSERT INTO PERSON (PERSONID,FIRSTNAME,LASTNAME,EMAIL,CONTACTNUMBER,CONTACTNUMBERTYPE) VALUES (23,'Charity','Walker','Cras.lorem@arcuet.co.uk','14705663756',4);
INSERT INTO PERSON (PERSONID,FIRSTNAME,LASTNAME,EMAIL,CONTACTNUMBER,CONTACTNUMBERTYPE) VALUES (24,'Fallon','Chandler','ligula@euodio.org','15153124838',4);
INSERT INTO PERSON (PERSONID,FIRSTNAME,LASTNAME,EMAIL,CONTACTNUMBER,CONTACTNUMBERTYPE) VALUES (25,'Hamish','Walker','ornare.lectus.justo@lacuspede.net','16413919672',1);
INSERT INTO PERSON (PERSONID,FIRSTNAME,LASTNAME,EMAIL,CONTACTNUMBER,CONTACTNUMBERTYPE) VALUES (26,'Benjamin','Porter','Cum.sociis@lectusCumsociis.ca','14472347022',3);
INSERT INTO PERSON (PERSONID,FIRSTNAME,LASTNAME,EMAIL,CONTACTNUMBER,CONTACTNUMBERTYPE) VALUES (27,'Damon','Matthews','Mauris.molestie@diamnuncullamcorper.com','18716567123',1);
INSERT INTO PERSON (PERSONID,FIRSTNAME,LASTNAME,EMAIL,CONTACTNUMBER,CONTACTNUMBERTYPE) VALUES (28,'Yasir','Pope','metus.Aenean.sed@natoque.com','14268136245',2);
INSERT INTO PERSON (PERSONID,FIRSTNAME,LASTNAME,EMAIL,CONTACTNUMBER,CONTACTNUMBERTYPE) VALUES (29,'Joseph','Sheppard','nec@non.net','14904849455',1);
INSERT INTO PERSON (PERSONID,FIRSTNAME,LASTNAME,EMAIL,CONTACTNUMBER,CONTACTNUMBERTYPE) VALUES (30,'Arthur','Yates','porta@scelerisquedui.com','14177195481',3);
INSERT INTO PERSON (PERSONID,FIRSTNAME,LASTNAME,EMAIL,CONTACTNUMBER,CONTACTNUMBERTYPE) VALUES (31,'Ira','Mcclain','laoreet.libero.et@Donectempus.edu','17416428419',2);
INSERT INTO PERSON (PERSONID,FIRSTNAME,LASTNAME,EMAIL,CONTACTNUMBER,CONTACTNUMBERTYPE) VALUES (32,'Colin','House','tellus.Nunc.lectus@amagna.co.uk','15419689144',4);
INSERT INTO PERSON (PERSONID,FIRSTNAME,LASTNAME,EMAIL,CONTACTNUMBER,CONTACTNUMBERTYPE) VALUES (33,'Noah','Hicks','consectetuer@diam.edu','17285749419',1);
INSERT INTO PERSON (PERSONID,FIRSTNAME,LASTNAME,EMAIL,CONTACTNUMBER,CONTACTNUMBERTYPE) VALUES (34,'Francis','Wade','bibendum.sed@amet.org','16896615855',1);
INSERT INTO PERSON (PERSONID,FIRSTNAME,LASTNAME,EMAIL,CONTACTNUMBER,CONTACTNUMBERTYPE) VALUES (35,'Akeem','Rivas','tempor.est@lectusjusto.edu','13541729150',4);
INSERT INTO PERSON (PERSONID,FIRSTNAME,LASTNAME,EMAIL,CONTACTNUMBER,CONTACTNUMBERTYPE) VALUES (36,'Quail','Mcfarland','porttitor@eratvelpede.net','14254762492',4);
INSERT INTO PERSON (PERSONID,FIRSTNAME,LASTNAME,EMAIL,CONTACTNUMBER,CONTACTNUMBERTYPE) VALUES (37,'Burton','Pena','Pellentesque.ut@euenimEtiam.net','18587662425',3);
INSERT INTO PERSON (PERSONID,FIRSTNAME,LASTNAME,EMAIL,CONTACTNUMBER,CONTACTNUMBERTYPE) VALUES (38,'Ray','Hartman','accumsan.laoreet@sedtortorInteger.com','13272193242',2);
INSERT INTO PERSON (PERSONID,FIRSTNAME,LASTNAME,EMAIL,CONTACTNUMBER,CONTACTNUMBERTYPE) VALUES (39,'Mariko','Rollins','aliquet.diam@Integerid.ca','13732478187',3);
INSERT INTO PERSON (PERSONID,FIRSTNAME,LASTNAME,EMAIL,CONTACTNUMBER,CONTACTNUMBERTYPE) VALUES (40,'Oleg','Puckett','varius.et@convallisconvallisdolor.co.uk','13837458330',4);
INSERT INTO PERSON (PERSONID,FIRSTNAME,LASTNAME,EMAIL,CONTACTNUMBER,CONTACTNUMBERTYPE) VALUES (41,'Madonna','Dickerson','at.libero.Morbi@Donecvitaeerat.co.uk','12524569722',3);
INSERT INTO PERSON (PERSONID,FIRSTNAME,LASTNAME,EMAIL,CONTACTNUMBER,CONTACTNUMBERTYPE) VALUES (42,'Ferris','Harper','velit@eueuismod.co.uk','14842511950',4);
INSERT INTO PERSON (PERSONID,FIRSTNAME,LASTNAME,EMAIL,CONTACTNUMBER,CONTACTNUMBERTYPE) VALUES (43,'Cadman','Shaw','a.malesuada.id@laoreet.ca','14429935557',3);
INSERT INTO PERSON (PERSONID,FIRSTNAME,LASTNAME,EMAIL,CONTACTNUMBER,CONTACTNUMBERTYPE) VALUES (44,'Aquila','Patterson','Maecenas@magna.net','18605553941',4);
INSERT INTO PERSON (PERSONID,FIRSTNAME,LASTNAME,EMAIL,CONTACTNUMBER,CONTACTNUMBERTYPE) VALUES (45,'Lillith','Mendoza','mauris@orci.com','13358938260',4);
INSERT INTO PERSON (PERSONID,FIRSTNAME,LASTNAME,EMAIL,CONTACTNUMBER,CONTACTNUMBERTYPE) VALUES (46,'Madonna','Vaughan','et@neceleifend.co.uk','11258730143',1);
INSERT INTO PERSON (PERSONID,FIRSTNAME,LASTNAME,EMAIL,CONTACTNUMBER,CONTACTNUMBERTYPE) VALUES (47,'Portia','Pratt','urna.nec@cursusnonegestas.com','13369246030',2);
INSERT INTO PERSON (PERSONID,FIRSTNAME,LASTNAME,EMAIL,CONTACTNUMBER,CONTACTNUMBERTYPE) VALUES (48,'Paloma','Luna','vehicula@duiin.edu','19567371864',4);
INSERT INTO PERSON (PERSONID,FIRSTNAME,LASTNAME,EMAIL,CONTACTNUMBER,CONTACTNUMBERTYPE) VALUES (49,'Vincent','Tyler','at@eulacusQuisque.net','15146665317',2);
INSERT INTO PERSON (PERSONID,FIRSTNAME,LASTNAME,EMAIL,CONTACTNUMBER,CONTACTNUMBERTYPE) VALUES (50,'Patience','Montgomery','ante@ornarelectus.edu','11253149195',2);
INSERT INTO PERSON (PERSONID,FIRSTNAME,LASTNAME,EMAIL,CONTACTNUMBER,CONTACTNUMBERTYPE) VALUES (51,'Phyllis','Browning','rutrum.lorem.ac@enim.edu','15623235452',1);
INSERT INTO PERSON (PERSONID,FIRSTNAME,LASTNAME,EMAIL,CONTACTNUMBER,CONTACTNUMBERTYPE) VALUES (52,'Kylynn','Weiss','pellentesque@infelis.co.uk','15638032918',3);
INSERT INTO PERSON (PERSONID,FIRSTNAME,LASTNAME,EMAIL,CONTACTNUMBER,CONTACTNUMBERTYPE) VALUES (53,'Jocelyn','Shaffer','purus.sapien.gravida@luctus.co.uk','15922878940',4);
INSERT INTO PERSON (PERSONID,FIRSTNAME,LASTNAME,EMAIL,CONTACTNUMBER,CONTACTNUMBERTYPE) VALUES (54,'Tyler','Haney','lectus.rutrum.urna@Aeneaneget.co.uk','13667762981',1);
INSERT INTO PERSON (PERSONID,FIRSTNAME,LASTNAME,EMAIL,CONTACTNUMBER,CONTACTNUMBERTYPE) VALUES (55,'Gay','Bradford','pretium.neque@NuncmaurisMorbi.com','14751808903',3);
INSERT INTO PERSON (PERSONID,FIRSTNAME,LASTNAME,EMAIL,CONTACTNUMBER,CONTACTNUMBERTYPE) VALUES (56,'Sybill','Newman','varius.Nam.porttitor@augueporttitor.org','17203228739',4);
INSERT INTO PERSON (PERSONID,FIRSTNAME,LASTNAME,EMAIL,CONTACTNUMBER,CONTACTNUMBERTYPE) VALUES (57,'Tatyana','Tyler','aliquet.Phasellus.fermentum@Nuncuterat.edu','14952891648',4);
INSERT INTO PERSON (PERSONID,FIRSTNAME,LASTNAME,EMAIL,CONTACTNUMBER,CONTACTNUMBERTYPE) VALUES (58,'Nathaniel','Clements','lorem.fringilla@habitantmorbi.edu','17921575989',4);
INSERT INTO PERSON (PERSONID,FIRSTNAME,LASTNAME,EMAIL,CONTACTNUMBER,CONTACTNUMBERTYPE) VALUES (59,'Joshua','Moon','amet.consectetuer.adipiscing@maurisblanditmattis.co.uk','19465145217',3);
INSERT INTO PERSON (PERSONID,FIRSTNAME,LASTNAME,EMAIL,CONTACTNUMBER,CONTACTNUMBERTYPE) VALUES (60,'Fitzgerald','Tate','Integer.mollis@Crasinterdum.net','18305785510',4);
INSERT INTO PERSON (PERSONID,FIRSTNAME,LASTNAME,EMAIL,CONTACTNUMBER,CONTACTNUMBERTYPE) VALUES (61,'Lewis','Clements','ac.turpis@dictumeuplacerat.ca','17741140885',3);
INSERT INTO PERSON (PERSONID,FIRSTNAME,LASTNAME,EMAIL,CONTACTNUMBER,CONTACTNUMBERTYPE) VALUES (62,'Patricia','Compton','enim.Nunc@miloremvehicula.ca','16986378823',1);
INSERT INTO PERSON (PERSONID,FIRSTNAME,LASTNAME,EMAIL,CONTACTNUMBER,CONTACTNUMBERTYPE) VALUES (63,'Regina','Henson','lorem.Donec.elementum@pharetraQuisque.ca','18984568616',4);
INSERT INTO PERSON (PERSONID,FIRSTNAME,LASTNAME,EMAIL,CONTACTNUMBER,CONTACTNUMBERTYPE) VALUES (64,'Daria','Flores','quis.urna@egetmetus.ca','13289934801',2);
INSERT INTO PERSON (PERSONID,FIRSTNAME,LASTNAME,EMAIL,CONTACTNUMBER,CONTACTNUMBERTYPE) VALUES (65,'Victor','Emerson','Fusce@nequenonquam.edu','16648911781',1);
INSERT INTO PERSON (PERSONID,FIRSTNAME,LASTNAME,EMAIL,CONTACTNUMBER,CONTACTNUMBERTYPE) VALUES (66,'Sloane','Peck','malesuada.id@Utsagittis.edu','14366482795',4);
INSERT INTO PERSON (PERSONID,FIRSTNAME,LASTNAME,EMAIL,CONTACTNUMBER,CONTACTNUMBERTYPE) VALUES (67,'Cain','Collins','nec@nonmassa.com','11412876465',1);
INSERT INTO PERSON (PERSONID,FIRSTNAME,LASTNAME,EMAIL,CONTACTNUMBER,CONTACTNUMBERTYPE) VALUES (68,'Magee','Hogan','hendrerit@Vivamusmolestie.ca','15392532723',2);
INSERT INTO PERSON (PERSONID,FIRSTNAME,LASTNAME,EMAIL,CONTACTNUMBER,CONTACTNUMBERTYPE) VALUES (69,'Sonya','Golden','habitant.morbi.tristique@ipsumacmi.ca','19862958155',4);
INSERT INTO PERSON (PERSONID,FIRSTNAME,LASTNAME,EMAIL,CONTACTNUMBER,CONTACTNUMBERTYPE) VALUES (70,'Yetta','Walton','accumsan.neque.et@iaculislacus.edu','17754255274',3);
INSERT INTO PERSON (PERSONID,FIRSTNAME,LASTNAME,EMAIL,CONTACTNUMBER,CONTACTNUMBERTYPE) VALUES (71,'Hanna','Kirby','Pellentesque@sitamet.net','12202095227',2);
INSERT INTO PERSON (PERSONID,FIRSTNAME,LASTNAME,EMAIL,CONTACTNUMBER,CONTACTNUMBERTYPE) VALUES (72,'Vernon','Howard','Nullam.nisl@egestasligula.com','16228598055',1);
INSERT INTO PERSON (PERSONID,FIRSTNAME,LASTNAME,EMAIL,CONTACTNUMBER,CONTACTNUMBERTYPE) VALUES (73,'Maia','Shaw','Fusce@arcueuodio.com','18224332572',2);
INSERT INTO PERSON (PERSONID,FIRSTNAME,LASTNAME,EMAIL,CONTACTNUMBER,CONTACTNUMBERTYPE) VALUES (74,'Merritt','Edwards','Aenean@Crasconvallis.net','12855212583',1);
INSERT INTO PERSON (PERSONID,FIRSTNAME,LASTNAME,EMAIL,CONTACTNUMBER,CONTACTNUMBERTYPE) VALUES (75,'Darrel','Goodwin','dolor@tempus.org','12492069948',2);
INSERT INTO PERSON (PERSONID,FIRSTNAME,LASTNAME,EMAIL,CONTACTNUMBER,CONTACTNUMBERTYPE) VALUES (76,'Jordan','Acevedo','nisi.nibh@atarcuVestibulum.com','16879709843',3);
INSERT INTO PERSON (PERSONID,FIRSTNAME,LASTNAME,EMAIL,CONTACTNUMBER,CONTACTNUMBERTYPE) VALUES (77,'Evelyn','Finch','elit.Aliquam@imperdiet.edu','17581139183',2);
INSERT INTO PERSON (PERSONID,FIRSTNAME,LASTNAME,EMAIL,CONTACTNUMBER,CONTACTNUMBERTYPE) VALUES (78,'Bo','Sears','Vestibulum.accumsan@eueleifend.ca','15348609536',2);
INSERT INTO PERSON (PERSONID,FIRSTNAME,LASTNAME,EMAIL,CONTACTNUMBER,CONTACTNUMBERTYPE) VALUES (79,'Emily','Duran','urna@ante.ca','16771548240',4);
INSERT INTO PERSON (PERSONID,FIRSTNAME,LASTNAME,EMAIL,CONTACTNUMBER,CONTACTNUMBERTYPE) VALUES (80,'Avye','Craft','amet.nulla.Donec@ornareFusce.com','19296668139',2);
INSERT INTO PERSON (PERSONID,FIRSTNAME,LASTNAME,EMAIL,CONTACTNUMBER,CONTACTNUMBERTYPE) VALUES (81,'Quinn','Cherry','malesuada.fames.ac@Nulla.ca','17235090683',4);
INSERT INTO PERSON (PERSONID,FIRSTNAME,LASTNAME,EMAIL,CONTACTNUMBER,CONTACTNUMBERTYPE) VALUES (82,'Rhoda','Gallagher','scelerisque.dui.Suspendisse@maurisipsum.org','11187513664',3);
INSERT INTO PERSON (PERSONID,FIRSTNAME,LASTNAME,EMAIL,CONTACTNUMBER,CONTACTNUMBERTYPE) VALUES (83,'Kiona','Crane','aliquam.eros@Suspendisse.ca','13909424798',2);
INSERT INTO PERSON (PERSONID,FIRSTNAME,LASTNAME,EMAIL,CONTACTNUMBER,CONTACTNUMBERTYPE) VALUES (84,'Pandora','Riddle','imperdiet.erat.nonummy@doloregestas.net','12396345475',4);
INSERT INTO PERSON (PERSONID,FIRSTNAME,LASTNAME,EMAIL,CONTACTNUMBER,CONTACTNUMBERTYPE) VALUES (85,'Kellie','Gibbs','tincidunt.aliquam.arcu@Suspendisse.ca','19355487613',4);
INSERT INTO PERSON (PERSONID,FIRSTNAME,LASTNAME,EMAIL,CONTACTNUMBER,CONTACTNUMBERTYPE) VALUES (86,'Shana','Buckner','tempor.arcu@bibendumfermentum.ca','13302993053',2);
INSERT INTO PERSON (PERSONID,FIRSTNAME,LASTNAME,EMAIL,CONTACTNUMBER,CONTACTNUMBERTYPE) VALUES (87,'Vivien','Craft','Suspendisse.sed.dolor@Nullam.com','13993525279',2);
INSERT INTO PERSON (PERSONID,FIRSTNAME,LASTNAME,EMAIL,CONTACTNUMBER,CONTACTNUMBERTYPE) VALUES (88,'Jameson','Callahan','Praesent.interdum@Suspendissealiquetmolestie.edu','12887729531',1);
INSERT INTO PERSON (PERSONID,FIRSTNAME,LASTNAME,EMAIL,CONTACTNUMBER,CONTACTNUMBERTYPE) VALUES (89,'Belle','Gallagher','enim@nec.ca','16387450266',2);
INSERT INTO PERSON (PERSONID,FIRSTNAME,LASTNAME,EMAIL,CONTACTNUMBER,CONTACTNUMBERTYPE) VALUES (90,'Cruz','Watkins','non.bibendum@inconsectetueripsum.org','17026284361',2);
INSERT INTO PERSON (PERSONID,FIRSTNAME,LASTNAME,EMAIL,CONTACTNUMBER,CONTACTNUMBERTYPE) VALUES (91,'Gemma','Holder','rutrum.urna@aliquet.net','14546072081',1);
INSERT INTO PERSON (PERSONID,FIRSTNAME,LASTNAME,EMAIL,CONTACTNUMBER,CONTACTNUMBERTYPE) VALUES (92,'Serina','Sargent','sapien@dolornonummyac.net','18402582179',3);
INSERT INTO PERSON (PERSONID,FIRSTNAME,LASTNAME,EMAIL,CONTACTNUMBER,CONTACTNUMBERTYPE) VALUES (93,'Trevor','Small','facilisis@vel.edu','13922523162',1);
INSERT INTO PERSON (PERSONID,FIRSTNAME,LASTNAME,EMAIL,CONTACTNUMBER,CONTACTNUMBERTYPE) VALUES (94,'Ila','Crosby','sodales.purus.in@consequat.net','16264073108',1);
INSERT INTO PERSON (PERSONID,FIRSTNAME,LASTNAME,EMAIL,CONTACTNUMBER,CONTACTNUMBERTYPE) VALUES (95,'Clayton','Herrera','Nulla.facilisi.Sed@diamvel.com','19714340925',4);
INSERT INTO PERSON (PERSONID,FIRSTNAME,LASTNAME,EMAIL,CONTACTNUMBER,CONTACTNUMBERTYPE) VALUES (96,'Penelope','Harrington','sed@dictum.co.uk','15166295683',2);
INSERT INTO PERSON (PERSONID,FIRSTNAME,LASTNAME,EMAIL,CONTACTNUMBER,CONTACTNUMBERTYPE) VALUES (97,'Stacey','Gonzalez','aliquet.vel.vulputate@Craseu.ca','12674525288',2);
INSERT INTO PERSON (PERSONID,FIRSTNAME,LASTNAME,EMAIL,CONTACTNUMBER,CONTACTNUMBERTYPE) VALUES (98,'Yoko','Marshall','Pellentesque.tincidunt.tempus@Maurismagna.ca','18285690493',1);
INSERT INTO PERSON (PERSONID,FIRSTNAME,LASTNAME,EMAIL,CONTACTNUMBER,CONTACTNUMBERTYPE) VALUES (99,'Orlando','Houston','ipsum.porta@cursus.edu','15297932886',3);
INSERT INTO PERSON (PERSONID,FIRSTNAME,LASTNAME,EMAIL,CONTACTNUMBER,CONTACTNUMBERTYPE) VALUES (100,'Philip','Boone','accumsan.sed@idrisus.com','16465608011',2);
---salesrepresentative Data Table
INSERT INTO salesrepresentative (AGENTID,AGENCYID) VALUES (1,1);
INSERT INTO salesrepresentative (AGENTID,AGENCYID) VALUES (30,14);
INSERT INTO salesrepresentative (AGENTID,AGENCYID) VALUES (31,12);
INSERT INTO salesrepresentative (AGENTID,AGENCYID) VALUES (32,9);
INSERT INTO salesrepresentative (AGENTID,AGENCYID) VALUES (33,15);
INSERT INTO salesrepresentative (AGENTID,AGENCYID) VALUES (34,10);
INSERT INTO salesrepresentative (AGENTID,AGENCYID) VALUES (35,11);
INSERT INTO salesrepresentative (AGENTID,AGENCYID) VALUES (36,5);
INSERT INTO salesrepresentative (AGENTID,AGENCYID) VALUES (37,7);
INSERT INTO salesrepresentative (AGENTID,AGENCYID) VALUES (38,3);
INSERT INTO salesrepresentative (AGENTID,AGENCYID) VALUES (39,8);
INSERT INTO salesrepresentative (AGENTID,AGENCYID) VALUES (40,14);
INSERT INTO salesrepresentative (AGENTID,AGENCYID) VALUES (41,8);
INSERT INTO salesrepresentative (AGENTID,AGENCYID) VALUES (42,5);
INSERT INTO salesrepresentative (AGENTID,AGENCYID) VALUES (43,5);
INSERT INTO salesrepresentative (AGENTID,AGENCYID) VALUES (44,16);
INSERT INTO salesrepresentative (AGENTID,AGENCYID) VALUES (45,2);
---ADVERTISINGOUTLETS 
INSERT INTO ADVERTISINGOUTLETS (OUTLETID,OUTLETNAME,PHONENUMBER) VALUES (1,'Mollis Nec Cursus Inc.','1-5633474805');
INSERT INTO ADVERTISINGOUTLETS (OUTLETID,OUTLETNAME,PHONENUMBER) VALUES (2,'Amet Massa Consulting','1-5449045180');
INSERT INTO ADVERTISINGOUTLETS (OUTLETID,OUTLETNAME,PHONENUMBER) VALUES (3,'Ac Ltd','1-2463999246');
INSERT INTO ADVERTISINGOUTLETS (OUTLETID,OUTLETNAME,PHONENUMBER) VALUES (4,'Lorem Ipsum Dolor Ltd','1-8336008490');
INSERT INTO ADVERTISINGOUTLETS (OUTLETID,OUTLETNAME,PHONENUMBER) VALUES (5,'Suscipit Nonummy Fusce Institute','1-3988985554');
INSERT INTO ADVERTISINGOUTLETS (OUTLETID,OUTLETNAME,PHONENUMBER) VALUES (6,'Integer In Magna Inc.','1-4155379948');
INSERT INTO ADVERTISINGOUTLETS (OUTLETID,OUTLETNAME,PHONENUMBER) VALUES (7,'Non Leo Vivamus Associates','1-1447791633');
INSERT INTO ADVERTISINGOUTLETS (OUTLETID,OUTLETNAME,PHONENUMBER) VALUES (8,'Amet Company','1-8041454484');
INSERT INTO ADVERTISINGOUTLETS (OUTLETID,OUTLETNAME,PHONENUMBER) VALUES (9,'Duis At Lacus Inc.','1-8005223471');
INSERT INTO ADVERTISINGOUTLETS (OUTLETID,OUTLETNAME,PHONENUMBER) VALUES (10,'Nisi A Odio Incorporated','1-4812857441');
INSERT INTO ADVERTISINGOUTLETS (OUTLETID,OUTLETNAME,PHONENUMBER) VALUES (11,'Dui Fusce Incorporated','1-6601814128');
INSERT INTO ADVERTISINGOUTLETS (OUTLETID,OUTLETNAME,PHONENUMBER) VALUES (12,'Convallis Company','1-3003408215');
INSERT INTO ADVERTISINGOUTLETS (OUTLETID,OUTLETNAME,PHONENUMBER) VALUES (13,'Suscipit Nonummy Fusce Inc.','1-3165151708');
INSERT INTO ADVERTISINGOUTLETS (OUTLETID,OUTLETNAME,PHONENUMBER) VALUES (14,'Pretium Institute','1-8896134468');
INSERT INTO ADVERTISINGOUTLETS (OUTLETID,OUTLETNAME,PHONENUMBER) VALUES (15,'Maecenas LLP','1-2193638093');
----Area table
INSERT INTO AREA (AREAID,AREANAME,GENERALCOMMENTS,SchoolID) VALUES (1,'VT','Bus, SuperMarket, Shoping mall',4);
INSERT INTO AREA (AREAID,AREANAME,GENERALCOMMENTS,SchoolID) VALUES (2,'Alabama','Subway',10);
INSERT INTO AREA (AREAID,AREANAME,GENERALCOMMENTS,SchoolID) VALUES (3,'SL','subway, SuperMarket, pool',9);
INSERT INTO AREA (AREAID,AREANAME,GENERALCOMMENTS,SchoolID) VALUES (4,'O','',8);
INSERT INTO AREA (AREAID,AREANAME,GENERALCOMMENTS,SchoolID) VALUES (5,'','Bus, SuperMarket',5);
INSERT INTO AREA (AREAID,AREANAME,GENERALCOMMENTS,SchoolID) VALUES (6,'OG','',9);
INSERT INTO AREA (AREAID,AREANAME,GENERALCOMMENTS,SchoolID) VALUES (7,'Samsun','Bus, Parks, Shoping mall',5);
INSERT INTO AREA (AREAID,AREANAME,GENERALCOMMENTS,SchoolID) VALUES (8,'Berlin','',4);
INSERT INTO AREA (AREAID,AREANAME,GENERALCOMMENTS,SchoolID) VALUES (9,'San José','',5);
INSERT INTO AREA (AREAID,AREANAME,GENERALCOMMENTS,SchoolID) VALUES (10,'Stockholms län','Shoping mall, Subway',5);
INSERT INTO AREA (AREAID,AREANAME,GENERALCOMMENTS,SchoolID) VALUES (11,'RM','pool, Parks, SuperMarket',8);
INSERT INTO AREA (AREAID,AREANAME,GENERALCOMMENTS,SchoolID) VALUES (12,'PV','pool, Shoping mall',5);
INSERT INTO AREA (AREAID,AREANAME,GENERALCOMMENTS,SchoolID) VALUES (13,'KO','Parks, Shoping mall, SuperMarket',5);
INSERT INTO AREA (AREAID,AREANAME,GENERALCOMMENTS,SchoolID) VALUES (14,'South Island','Subway, Shoping mall, Parks',8);
INSERT INTO AREA (AREAID,AREANAME,GENERALCOMMENTS,SchoolID) VALUES (15,'PIE','',3);
--AdType Table
insert into adtypes values(1, 'Newspaper');
insert into adtypes values(2, 'Magazine');
insert into adtypes values(3, 'Television');
insert into adtypes values(4, 'Billboard');
insert into adtypes values(5, 'Website');
--PropertyType Table
insert into propertytype values(1, 'House');
insert into propertytype values (2,'Condo');
--Perperty Table
INSERT INTO property (propertyID,numofbedrooms,numofbathrooms,squareArea,listingPrice,streetName,postalCode,city,agencyID,areaID,provinceID,CountryID,outletID) VALUES (1,2,3,1911,41257.75,'5377 Lobortis. Ave','1412 QK','Miramichi',3,6,6,1,1);
INSERT INTO property (propertyID,numofbedrooms,numofbathrooms,squareArea,listingPrice,streetName,postalCode,city,agencyID,areaID,provinceID,CountryID,outletID) VALUES (2,4,1,2339,92932.86,'P.O. Box 406, 9470 Cras Street','NK9 6IQ','Chapra',15,4,11,1,2);
INSERT INTO property (propertyID,numofbedrooms,numofbathrooms,squareArea,listingPrice,streetName,postalCode,city,agencyID,areaID,provinceID,CountryID,outletID) VALUES (3,5,3,1727,95970.37,'7717 Neque Avenue','563195','Annone di Brianza',6,9,12,1,15);
INSERT INTO property (propertyID,numofbedrooms,numofbathrooms,squareArea,listingPrice,streetName,postalCode,city,agencyID,areaID,provinceID,CountryID,outletID) VALUES (4,3,2,2408,43722.77,'8634 Mauris Av.','76259','Saint-Laurent',7,15,13,1,9);
INSERT INTO property (propertyID,numofbedrooms,numofbathrooms,squareArea,listingPrice,streetName,postalCode,city,agencyID,areaID,provinceID,CountryID,outletID) VALUES (5,2,1,1935,91314.12,'P.O. Box 479, 4292 Semper. Rd.','2109','Geelong',8,14,12,1,3);
INSERT INTO property (propertyID,numofbedrooms,numofbathrooms,squareArea,listingPrice,streetName,postalCode,city,agencyID,areaID,provinceID,CountryID,outletID) VALUES (6,2,3,2110,16670.01,'9377 Est, Ave','95492','Bourlers',12,15,9,1,9);
INSERT INTO property (propertyID,numofbedrooms,numofbathrooms,squareArea,listingPrice,streetName,postalCode,city,agencyID,areaID,provinceID,CountryID,outletID) VALUES (7,5,3,1610,35828.33,'280 Litora St.','29094-010','Llandovery',11,14,12,1,8);
INSERT INTO property (propertyID,numofbedrooms,numofbathrooms,squareArea,listingPrice,streetName,postalCode,city,agencyID,areaID,provinceID,CountryID,outletID) VALUES (8,2,3,2364,25661.13,'653 Nisi St.','813308','Luzzara',14,12,5,1,12);
INSERT INTO property (propertyID,numofbedrooms,numofbathrooms,squareArea,listingPrice,streetName,postalCode,city,agencyID,areaID,provinceID,CountryID,outletID) VALUES (9,2,2,2216,14833.29,'6592 Egestas. Rd.','5175 QT','Bensheim',10,11,2,1,6);
INSERT INTO property (propertyID,numofbedrooms,numofbathrooms,squareArea,listingPrice,streetName,postalCode,city,agencyID,areaID,provinceID,CountryID,outletID) VALUES (10,2,2,1287,33419.93,'6502 Aliquam Av.','24509','San Fabián',11,15,10,1,14);
INSERT INTO property (propertyID,numofbedrooms,numofbathrooms,squareArea,listingPrice,streetName,postalCode,city,agencyID,areaID,provinceID,CountryID,outletID) VALUES (11,3,1,1275,70240.59,'747 Augue Av.','5349','Newcastle-upon-Tyne',12,2,9,1,12);
INSERT INTO property (propertyID,numofbedrooms,numofbathrooms,squareArea,listingPrice,streetName,postalCode,city,agencyID,areaID,provinceID,CountryID,outletID) VALUES (12,2,3,1992,49990.63,'560 Eu St.','28997','York',5,3,10,1,4);
INSERT INTO property (propertyID,numofbedrooms,numofbathrooms,squareArea,listingPrice,streetName,postalCode,city,agencyID,areaID,provinceID,CountryID,outletID) VALUES (13,5,1,1751,17487.30,'P.O. Box 388, 8505 Scelerisque, Rd.','3714','Gorinchem',11,2,10,1,4);
INSERT INTO property (propertyID,numofbedrooms,numofbathrooms,squareArea,listingPrice,streetName,postalCode,city,agencyID,areaID,provinceID,CountryID,outletID) VALUES (14,3,1,1894,67367.95,'551 Turpis Avenue','7702','Cimitile',15,12,1,1,13);
INSERT INTO property (propertyID,numofbedrooms,numofbathrooms,squareArea,listingPrice,streetName,postalCode,city,agencyID,areaID,provinceID,CountryID,outletID) VALUES (15,4,2,1685,87149.72,'736 Sollicitudin Road','M2Z 6J1','Sommethonne',15,15,5,1,14);
INSERT INTO property (propertyID,numofbedrooms,numofbathrooms,squareArea,listingPrice,streetName,postalCode,city,agencyID,areaID,provinceID,CountryID,outletID) VALUES (16,3,2,1203,13795.65,'803 Sagittis Rd.','9377','Opheylissem',10,11,8,1,15); 
--Advert table
INSERT INTO Advertisement (AdID,DatePlaced,CostFee,AdTypeID,OutletID,PropertyID) VALUES (1,to_DATE('14/July/2019','DD/MON/YY'),2036.75,4,10,15);
INSERT INTO Advertisement (AdID,DatePlaced,CostFee,AdTypeID,OutletID,PropertyID) VALUES (2,to_DATE('18/August/2019','DD/MON/YY'),4818.38,1,5,8);
INSERT INTO Advertisement (AdID,DatePlaced,CostFee,AdTypeID,OutletID,PropertyID) VALUES (3,to_DATE('13/April/2020','DD/MON/YY'),8366.08,4,6,7);
INSERT INTO Advertisement (AdID,DatePlaced,CostFee,AdTypeID,OutletID,PropertyID) VALUES (4,to_DATE('07/January/2020','DD/MON/YY'),7805.44,5,9,2);
INSERT INTO Advertisement (AdID,DatePlaced,CostFee,AdTypeID,OutletID,PropertyID) VALUES (5,to_DATE('20/August/2018','DD/MON/YY'),6788.16,2,4,4);
INSERT INTO Advertisement (AdID,DatePlaced,CostFee,AdTypeID,OutletID,PropertyID) VALUES (6,to_DATE('01/February/2020','DD/MON/YY'),9261.69,5,7,2);
INSERT INTO Advertisement (AdID,DatePlaced,CostFee,AdTypeID,OutletID,PropertyID) VALUES (7,to_DATE('30/June/2019','DD/MON/YY'),6079.61,1,12,10);
INSERT INTO Advertisement (AdID,DatePlaced,CostFee,AdTypeID,OutletID,PropertyID) VALUES (8,to_DATE('02/July/2020','DD/MON/YY'),5358.04,2,7,5);
INSERT INTO Advertisement (AdID,DatePlaced,CostFee,AdTypeID,OutletID,PropertyID) VALUES (9,to_DATE('17/January/2019','DD/MON/YY'),1526.31,1,11,6);
INSERT INTO Advertisement (AdID,DatePlaced,CostFee,AdTypeID,OutletID,PropertyID) VALUES (10,to_DATE('30/July/2020','DD/MON/YY'),9124.54,3,7,11);
INSERT INTO Advertisement (AdID,DatePlaced,CostFee,AdTypeID,OutletID,PropertyID) VALUES (11,to_DATE('30/May/2019','DD/MON/YY'),3257.41,5,7,13);
INSERT INTO Advertisement (AdID,DatePlaced,CostFee,AdTypeID,OutletID,PropertyID) VALUES (12,to_DATE('06/May/2020','DD/MON/YY'),7194.84,4,3,6);
INSERT INTO Advertisement (AdID,DatePlaced,CostFee,AdTypeID,OutletID,PropertyID) VALUES (13,to_DATE('13/December/2018','DD/MON/YY'),8432.94,4,10,9);
INSERT INTO Advertisement (AdID,DatePlaced,CostFee,AdTypeID,OutletID,PropertyID) VALUES (14,to_DATE('10/August/2019','DD/MON/YY'),5527.87,2,5,7);
INSERT INTO Advertisement (AdID,DatePlaced,CostFee,AdTypeID,OutletID,PropertyID) VALUES (15,to_DATE('16/July/2020','DD/MON/YY'),3169.10,1,2,7);
INSERT INTO Advertisement (AdID,DatePlaced,CostFee,AdTypeID,OutletID,PropertyID) VALUES (16,to_DATE('23/November/2019','DD/MON/YY'),2370.84,1,10,13);
INSERT INTO Advertisement (AdID,DatePlaced,CostFee,AdTypeID,OutletID,PropertyID) VALUES (17,to_DATE('15/January/2019','DD/MON/YY'),5290.05,5,15,6);
INSERT INTO Advertisement (AdID,DatePlaced,CostFee,AdTypeID,OutletID,PropertyID) VALUES (18,to_DATE('05/May/2020','DD/MON/YY'),4245.57,4,15,3);
INSERT INTO Advertisement (AdID,DatePlaced,CostFee,AdTypeID,OutletID,PropertyID) VALUES (19,to_DATE('08/July/2019','DD/MON/YY'),2308.30,3,9,7);
INSERT INTO Advertisement (AdID,DatePlaced,CostFee,AdTypeID,OutletID,PropertyID) VALUES (20,to_DATE('22/April/2018','DD/MON/YY'),5696.27,5,3,6);
--Condo Table
INSERT INTO CONDO (CONDOID,UNIT,MAINTENENCEFEE) VALUES (1,12722,'300');
INSERT INTO CONDO (CONDOID,UNIT,MAINTENENCEFEE) VALUES (2,10096,'500');
INSERT INTO CONDO (CONDOID,UNIT,MAINTENENCEFEE) VALUES (3,368,'500');
INSERT INTO CONDO (CONDOID,UNIT,MAINTENENCEFEE) VALUES (4,2943,'250');
INSERT INTO CONDO (CONDOID,UNIT,MAINTENENCEFEE) VALUES (5,3998,'150');
INSERT INTO CONDO (CONDOID,UNIT,MAINTENENCEFEE) VALUES (6,7000,'500');
INSERT INTO CONDO (CONDOID,UNIT,MAINTENENCEFEE) VALUES (7,9432,'500');
INSERT INTO CONDO (CONDOID,UNIT,MAINTENENCEFEE) VALUES (8,18330,'150');
--House Table
INSERT INTO House (HOUSEID,PARKINGSPACES,GARAGE,LOTSIZE) VALUES (9,1,'Y',3);
INSERT INTO House (HOUSEID,PARKINGSPACES,GARAGE,LOTSIZE) VALUES (10,2,'N',4);
INSERT INTO House (HOUSEID,PARKINGSPACES,GARAGE,LOTSIZE) VALUES (11,2,'N',1);
INSERT INTO House (HOUSEID,PARKINGSPACES,GARAGE,LOTSIZE) VALUES (12,3,'Y',3);
INSERT INTO House (HOUSEID,PARKINGSPACES,GARAGE,LOTSIZE) VALUES (13,2,'Y',2);
INSERT INTO House (HOUSEID,PARKINGSPACES,GARAGE,LOTSIZE) VALUES (14,3,'N',2);
INSERT INTO House (HOUSEID,PARKINGSPACES,GARAGE,LOTSIZE) VALUES (15,1,'Y',3);
INSERT INTO House (HOUSEID,PARKINGSPACES,GARAGE,LOTSIZE) VALUES (16,2,'Y',2);
--Ownership Table
INSERT INTO Ownership (OwnershipID,OwnershipPercentage,ClientID,PropertyID,ClientTypeID) VALUES (1,1,5,6,1);
INSERT INTO Ownership (OwnershipID,OwnershipPercentage,ClientID,PropertyID,ClientTypeID) VALUES (2,0.5,9,3,1);
INSERT INTO Ownership (OwnershipID,OwnershipPercentage,ClientID,PropertyID,ClientTypeID) VALUES (3,1,3,7,2);
INSERT INTO Ownership (OwnershipID,OwnershipPercentage,ClientID,PropertyID,ClientTypeID) VALUES (4,0.5,4,3,1);
INSERT INTO Ownership (OwnershipID,OwnershipPercentage,ClientID,PropertyID,ClientTypeID) VALUES (5,1,19,2,2);
INSERT INTO Ownership (OwnershipID,OwnershipPercentage,ClientID,PropertyID,ClientTypeID) VALUES (6,0.3,3,10,1);
INSERT INTO Ownership (OwnershipID,OwnershipPercentage,ClientID,PropertyID,ClientTypeID) VALUES (7,1,9,12,1);
INSERT INTO Ownership (OwnershipID,OwnershipPercentage,ClientID,PropertyID,ClientTypeID) VALUES (8,1,20,15,2);
INSERT INTO Ownership (OwnershipID,OwnershipPercentage,ClientID,PropertyID,ClientTypeID) VALUES (9,1,2,4,2);
INSERT INTO Ownership (OwnershipID,OwnershipPercentage,ClientID,PropertyID,ClientTypeID) VALUES (10,0.7,21,10,1);
INSERT INTO Ownership (OwnershipID,OwnershipPercentage,ClientID,PropertyID,ClientTypeID) VALUES (11,1,4,1,2);
INSERT INTO Ownership (OwnershipID,OwnershipPercentage,ClientID,PropertyID,ClientTypeID) VALUES (12,0.2,13,16,2);
INSERT INTO Ownership (OwnershipID,OwnershipPercentage,ClientID,PropertyID,ClientTypeID) VALUES (13,1,4,15,1);
INSERT INTO Ownership (OwnershipID,OwnershipPercentage,ClientID,PropertyID,ClientTypeID) VALUES (14,1,12,4,1);
INSERT INTO Ownership (OwnershipID,OwnershipPercentage,ClientID,PropertyID,ClientTypeID) VALUES (15,0.8,8,16,2);
--Transaction Table
INSERT INTO Transactions (TransactionID,TransactionDate,SellingPrice,PropertyID,BuyerAgentID,SellerAgentID) VALUES (1,to_DATE('18/October/2018','DD/MON/YY'),16670.01,6,1,32);
INSERT INTO Transactions (TransactionID,TransactionDate,SellingPrice,PropertyID,BuyerAgentID,SellerAgentID) VALUES (2,to_DATE('31/October/2018','DD/MON/YY'),95970.37,3,1,40);
INSERT INTO Transactions (TransactionID,TransactionDate,SellingPrice,PropertyID,BuyerAgentID,SellerAgentID) VALUES (3,to_DATE('12/November/2018','DD/MON/YY'),35828.33,7,40,1);
INSERT INTO Transactions (TransactionID,TransactionDate,SellingPrice,PropertyID,BuyerAgentID,SellerAgentID) VALUES (4,to_DATE('09/December/2018','DD/MON/YY'),92932.86,2,40,32);
INSERT INTO Transactions (TransactionID,TransactionDate,SellingPrice,PropertyID,BuyerAgentID,SellerAgentID) VALUES (5,to_DATE('24/January/2019','DD/MON/YY'),33419.93,10,1,30);
INSERT INTO Transactions (TransactionID,TransactionDate,SellingPrice,PropertyID,BuyerAgentID,SellerAgentID) VALUES (6,to_DATE('26/January/2019','DD/MON/YY'),49990.63,12,1,37);
INSERT INTO Transactions (TransactionID,TransactionDate,SellingPrice,PropertyID,BuyerAgentID,SellerAgentID) VALUES (7,to_DATE('14/April/2019','DD/MON/YY'),87149.72,15,1,1);
INSERT INTO Transactions (TransactionID,TransactionDate,SellingPrice,PropertyID,BuyerAgentID,SellerAgentID) VALUES (8,to_DATE('19/September/2019','DD/MON/YY'),41257.75,1,1,35);
INSERT INTO Transactions (TransactionID,TransactionDate,SellingPrice,PropertyID,BuyerAgentID,SellerAgentID) VALUES (9,to_DATE('5/January/2020','DD/MON/YY'),13795.65,16,41,1);
INSERT INTO Transactions (TransactionID,TransactionDate,SellingPrice,PropertyID,BuyerAgentID,SellerAgentID) VALUES (10,to_DATE('26/January/2020','DD/MON/YY'),43722.77,4,1,1);
--Referral Table
INSERT INTO Referral (ReferralID,ReferralCashFee,PersonID) VALUES (1,3556.05,26);
INSERT INTO Referral (ReferralID,ReferralCashFee,PersonID) VALUES (2,3678.81,8);
INSERT INTO Referral (ReferralID,ReferralCashFee,PersonID) VALUES (3,8962.27,2);
INSERT INTO Referral (ReferralID,ReferralCashFee,PersonID) VALUES (4,1156.23,49);
INSERT INTO Referral (ReferralID,ReferralCashFee,PersonID) VALUES (5,5417.97,50);
INSERT INTO Referral (ReferralID,ReferralCashFee,PersonID) VALUES (6,2781.86,10);
INSERT INTO Referral (ReferralID,ReferralCashFee,PersonID) VALUES (7,5354.70,38);
INSERT INTO Referral (ReferralID,ReferralCashFee,PersonID) VALUES (8,9481.24,28);
INSERT INTO Referral (ReferralID,ReferralCashFee,PersonID) VALUES (9,5572.81,76);
INSERT INTO Referral (ReferralID,ReferralCashFee,PersonID) VALUES (10,6081.04,61);
--ClientTrans Table
INSERT INTO ClientTrans (TransactionID,ClientID,TypeID) VALUES (1,5,1);
INSERT INTO ClientTrans (TransactionID,ClientID,TypeID) VALUES (2,9,1);
INSERT INTO ClientTrans (TransactionID,ClientID,TypeID) VALUES (2,4,1);
INSERT INTO ClientTrans (TransactionID,ClientID,TypeID) VALUES (3,3,1);
INSERT INTO ClientTrans (TransactionID,ClientID,TypeID) VALUES (4,19,2);
INSERT INTO ClientTrans (TransactionID,ClientID,TypeID) VALUES (5,3,1);
INSERT INTO ClientTrans (TransactionID,ClientID,TypeID) VALUES (5,21,1);
INSERT INTO ClientTrans (TransactionID,ClientID,TypeID) VALUES (6,9,1);
INSERT INTO ClientTrans (TransactionID,ClientID,TypeID) VALUES (7,20,2);
INSERT INTO ClientTrans (TransactionID,ClientID,TypeID) VALUES (7,4,1);
INSERT INTO ClientTrans (TransactionID,ClientID,TypeID) VALUES (8,4,2);
INSERT INTO ClientTrans (TransactionID,ClientID,TypeID) VALUES (9,13,2);
INSERT INTO ClientTrans (TransactionID,ClientID,TypeID) VALUES (9,8,2);
INSERT INTO ClientTrans (TransactionID,ClientID,TypeID) VALUES (10,2,2);
INSERT INTO ClientTrans (TransactionID,ClientID,TypeID) VALUES (10,12,1);